Filename,Run Count,Last Run Date
"L:\毕设\前后端代码\前端\收集的材料\strut\struct(2019-03-14).zip",3,131991706185569448
"L:\QQ接收\378477567\FileRecv\吴吉鑫-第二课堂.xlsx",2,132023990723949058
"L:\$RECYCLE.BIN\S-1-5-21-3021414698-2858069045-2495444266-1001\$RMO8HUN\[171006]メリー・ジェーン]キメ恋！ 高嶺の華と幼なじみがキマった理由 上巻魔法の薬で恋の成就を(No Watermark).mp4",2,131984731120612709
"E:\ehmatthes-pcc-v1.0.0-12-gf555082\ehmatthes-pcc-f555082\chapter_16\population_data.json",2,131891790912846247
"C:\ProgramData\Huorong\Sysdiag\PopBlock\ktpcntr7109083420300250.jpg",2,131858640334226808
"D:\UserData\My Documents\Tencent Files\378477567\FileRecv\数据挖掘-理论 大作业报告 (1).doc",2,131814961697059585
"D:\Anaconda3",2,131805466941343877
"C:\Users\Kobayashi\.spyder-py3\temp.py",1,132038303755468826
"L:\毕设\学校发的写论文指导文件\附录.docx",1,132034463654818944
"L:\毕设\平台上所要提交的文件\前后端代码\后端代码\servlet\新建 DOC 文档.doc",1,132034463378978054
"C:\Users\wjx\Desktop\资源\课表.doc",1,132034462939776920
"C:\Users\wjx\Desktop\资源\问题.doc",1,132034462847845442
"L:\毕设\平台上所要提交的文件\前后端代码\说明文件\毕设项目配置代码说明.doc",1,132034462582043678
"L:\ppt演示\gif\算法流程图.vsdx",1,132030992526758213
"L:\毕设\参考资料\图2.vsdx",1,132030992447555110
"L:\毕设\材料\Visio\状态图\数据查看.vsdx",1,132030991966557177
"L:\毕设\材料\Visio\过程图\admintonu.vsdx",1,132030991595961757
"L:\images\normalUser\dataDisplay.png",1,132028020424157490
"L:\毕设\平台上所要提交的文件\前后端代码\前端\收集的图片\电力输送高压线铁塔的图片_千叶网.jpg",1,132025731782793577
"L:\毕设\平台上所要提交的文件\前后端代码\前端\收集的图片\黑色金属电流柱_千叶网.jpeg",1,132025727325798274
"D:\软件整理\myeclipse\myeclipse破解工具\crack.bat",1,132023145563441717
"L:\Anaconda\Scripts\spyder.exe",1,132022318166204317
"L:\毕设\前后端代码\前端\收集的图片\风力发电机组高清壁纸_千叶网.jpg",1,132020329446747764
"L:\毕设\前后端代码\前端\twts_248_traveler\twts_248_traveler.zip",1,132019680269535038
"C:\Program Files (x86)\Microsoft Office\root\Office16\VISIO.EXE",1,132018776357360490
"L:\毕设\前后端代码\前端\moban3527\assets\js\core\bootstrap.min.js",1,132017539147920055
"L:\毕设\前后端代码\前端\收集的材料\lantianbaiyun404\蓝天白云降落伞404跳转提示动画模板\404\images\bird.png",1,132016883966417854
"D:\MyEclipse_work\.metadata\.me_tcat7\work\Catalina\localhost\bishe\org\apache\jsp\electricBackEnd\replyingNU_jsp.java",1,132007441588642156
"D:\软件整理\ludashisetup.exe",1,131988218346901599
"C:\Users\wjx\AppData\Roaming\lds\date\20190228\ludashi",1,131988218292585621
"L:\毕设\前后端代码\前端\收集的图片\风力发电组风景高清图片_千叶网.jpg",1,131985582332597339
"D:\MyEclipse_work\Servers\MyEclipse Tomcat v7.0-config\server.xml",1,131985578268358161
"L:\毕设\前后端代码\前端\收集的图片\平原村庄火力发电厂空气污染图片_千叶网.jpg",1,131985576769992443
"D:\HBuilder\HBuilder",1,131983477164372227
"L:\毕设\前后端代码\前端\收集的材料\moban3335.rar",1,131972815904704497
"C:\Users\wjx\AppData\Roaming\HBuilder\userprofiles\378477567@qq.com\.metadata\.plugins\org.eclipse.ltk.core.refactoring\.refactorings\moban3335",1,131972815148349419
"L:\毕设\前后端代码\前端\收集的材料\moban3335",1,131972814982626905
"L:\毕设\前后端代码\前端\收集的材料\系统后端\moban3352",1,131972813170705575
"D:\HBuilder\HBuilder\plugins\com.pandora.starters_1.0.0.201511132153\template\styles\loading.css",1,131972166788880132
"D:\MyEclipse 2016 CI_workspace\Servers\MyEclipse Tomcat v7.0-config\server.xml",1,131971124203868517
"C:\Users\wjx\Desktop\软件\体检表.doc",1,131962544060624047
"D:\MyEclipse 2016 CI_workspace\.metadata\.me_tcat7\conf\server.xml",1,131961760286200366
"L:\毕设文件\代码下载\moban3335.rar",1,131957417259379237
"L:\毕设文件\代码下载\系统后端\moban3335\moban3335\forms.html",1,131957405720821033
"D:\MyEclipse 2016 CI_workspace\.metadata\.me_tcat7\work\Catalina\localhost\struct\org\apache\jsp\success1",1,131934696982954583
"D:\MyEclipse 2016 CI_workspace\.metadata\.me_tcat7\webapps\RegisterSystem\FILES\吴吉鑫-8001715071-信息安全152班-开题报告 final.docx",1,131920239670953204
"D:\MyEclipse 2016 CI_workspace\.metadata\.me_tcat7\webapps\RegisterSystem\FILES\信息安全152 吴吉鑫 8001715071 任务书 V2.docx",1,131920237284904542
"D:\MyEclipse 2016 CI\FILES开题报告 V1.docx",1,131920230869589566
"L:\代码下载\系统后端\moban2897",1,131920081229667563
"L:\bishe\bishe\introduce.html",1,131915651466994191
"F:\毕设\手写代码\json\jquery.min.js",1,131912165388712121
"F:\毕设\手写代码\macarons.js",1,131909564256342855
"C:\Users\wjx\Documents\KingsoftData",1,131858640927611549
"C:\ProgramData\Kingsoft",1,131858640798572158
"C:\Users\wjx\AppData\Local\Kingsoft\PowerWordAssist2016\1.0.0.0007\ktpcntr.exe",1,131858639511913103
"C:\Users\wjx\AppData\Roaming\Kingsoft\PowerWordAssist\update\down\ktpcntrstp.exe",1,131858638681038708
"F:\电脑备份\D盘\下载代码\Vmall_1.2.1_SC_GBK\Vmall_1.2.1_SC_GBK\upload\install\sql\createDB.sql",1,131835241750569168
"F:\电脑备份\F盘\BaiduNetdisk\BaiduNetdiskDownload\556361 Anaconda3-4.3.1-Windows-x86_64.exe",1,131830380593736933
"F:\电脑备份\D盘\360Downloads\Software\clover3.4.3.exe",1,131830030861442948
"D:\UserData\My Documents\Tencent Files\378477567",1,131818439933505371
"C:\Users\wjx\Documents\Tencent Files\378477567",1,131818439657615920
"C:\Users\wjx\AppData\Roaming\Tencent\QQ\Misc\com.tencent.gamelife\QQGameLife\378477567",1,131818439481272045
"D:\下载代码\sqlTraining\sqlTraining.mdf",1,131815773301209875
"D:\UserData\My Documents\Tencent Files\378477567\FileRecv\MobileFile\熊佳明8001715076 吴吉鑫8001715071 李星8001715066v1.2.docx",1,131815740125934848
"C:\ProgramData\Microsoft\Crypto\RSA",1,131814966292948847
"D:\python3.6\python资料\Pythonsjwjrm\Pythonsjwjrm\Python数据挖掘入门与实战\Python数据挖掘入门与实践_彩图.pdf",1,131814944328440374
"F:\电脑备份\F盘\大三\u盘备份2018.05.23\学习资料\网络安全技术\资料\漏洞扫描\漏洞扫描\X-Scan-v3.3\scripts\anacondaclip.nasl",1,131805466638419786
"E:\downloads\wallpapers",1,131792979202281293
"F:\大三\u盘备份2018.05.23\学习资料\计算机取证\实验\案例\案例.E01",1,131770434629786633
